document,CharacterCount,WordCount,AverageWordLength,UniqueWordsCount,TypeTokenRatio,RootTypeTokenRatio,CorrectedTypeTokenRatio,AvgTreeDepth,AvgTreeScore,MLC,MLS,MLT,C_S,C_T,CT_T,DC_C,DC_T,CP_C,CP_T,T_S,CN_C,CN_T,VP_T,SentenceCount,AvgSentenceLengthInWords,AvgSentenceLengthInChars,NounVariation,VerbVariation,AdjectiveVariation,AdverbVariation,VerbVariation1,SquaredVerbVariation1,CorrectedVerbVariation1,LexicalDensity,label
Everest-adv.txt,4455,924,4.821429,491,0.531385,16.152714,11.421694,10.5,-143.449167,13.526316,19.769231,20.156863,1.461538,1.490196,0.411765,0.276316,0.411765,0.328947,0.490196,0.980769,3.302632,4.921569,0.490196,52,19.769231,85.673077,0.485507,0.304348,0.141304,0.068841,0.458333,35.291667,4.200694,0.536965,Advanced
Everest-ele.txt,2924,622,4.700965,335,0.538585,13.432276,9.498054,9.880952,-115.160881,10.96875,16.714286,14.93617,1.52381,1.361702,0.382979,0.265625,0.361702,0.21875,0.297872,1.119048,1.9375,2.638298,0.297872,42,16.714286,69.619048,0.483696,0.30163,0.13587,0.078804,0.396396,17.441441,2.953087,0.524217,Elementary
Everest-int.txt,4278,902,4.742794,472,0.523282,15.715881,11.112806,10.568627,-139.591989,13.197368,19.666667,19.666667,1.490196,1.490196,0.431373,0.276316,0.411765,0.315789,0.470588,1,3.105263,4.627451,0.470588,51,19.666667,83.882353,0.489796,0.289425,0.146568,0.074212,0.429487,28.775641,3.793128,0.537388,Intermediate
long.txt,427,93,4.591398,68,0.731183,7.051272,4.986002,10,-152.883025,12.875,20.6,17.166667,1.6,1.333333,0.5,0.25,0.333333,0.25,0.333333,1.2,3,4,0.333333,5,20.6,85.4,0.525424,0.305085,0.084746,0.084746,0.555556,5.555556,1.666667,0.572816,long
short.txt,53,17,3.117647,15,0.882353,3.638034,2.572479,6.333333,-57.463434,5.25,7,7,1.333333,1.333333,0.333333,0.25,0.333333,0,0,1,0.5,0.666667,0,3,7,17.666667,0.3,0.5,0.1,0.1,0.6,1.8,0.948683,0.47619,short
